{"cameraMode":{"drawMode":0,"name":"Shaded","section":"Shading Mode"},"sceneLighting":true,"audioPlay":false,"sceneViewState":{"m_AlwaysRefresh":false,"showFog":true,"showSkybox":true,"showFlares":true,"showImageEffects":true,"showParticleSystems":true,"showVisualEffectGraphs":true,"m_FxEnabled":true},"in2DMode":false,"pivot":{"x":-0.42591315507888796,"y":1.6365199089050294,"z":-0.14954805374145509},"rotation":{"x":-0.001543673686683178,"y":0.9916198253631592,"z":-0.1286333054304123,"w":-0.011900008656084538},"size":3.985919237136841,"orthographic":false}